<?xml version='1.0' encoding='utf-8' standalone='yes' ?>
<map>
    <string name="afUninstallToken">cust3CUeRVe1LQM9EgHDVZ:APA91bHM7MGJB1Q8vYwZs4QswPFhXXXd2vHgdjLOvYS7DrskM4dvqUxpZsVY7XeQr2F8JMbl-3eTCPdfpcqSkBJpBeIGX51vRhqxAQht9LHXT-CQMM906gw</string>
    <long name="prev_session_dur" value="2" />
    <long name="af_rc_max_age" value="86400" />
    <boolean name="ddl_sent" value="true" />
    <string name="sentSuccessfully">true</string>
    <string name="af_remote_config">eyJmZWF0dXJlcyI6e30sInZlciI6ImRlZmF1bHQudjEuMTYzNzE0OTUyOSJ9</string>
    <int name="versionCode" value="70766" />
    <boolean name="sentRegisterRequestToAF" value="true" />
    <string name="savedProperties">{&quot;uid&quot;:&quot;1756370638550-8273800103582924089&quot;,&quot;waitForCustomerId&quot;:&quot;false&quot;,&quot;logLevel&quot;:&quot;0&quot;,&quot;AppUserId&quot;:&quot;__f69b05cc976644fbbfee9e84f2014ffd&quot;,&quot;advertiserId&quot;:&quot;aab4c810-5015-4f3b-bb9e-33ea9b02bd79&quot;,&quot;advertiserIdEnabled&quot;:&quot;true&quot;}</string>
    <string name="AF_INSTALLATION">1756370638550-8273800103582924089</string>
    <boolean name="afUninstallToken_queued" value="false" />
    <int name="appsFlyerCount" value="4" />
    <long name="af_rc_timestamp" value="1756370634308" />
    <long name="AppsFlyerTimePassedSincePrevLaunch" value="1756371200873" />
    <boolean name="newGPReferrerSent" value="true" />
    <string name="appsFlyerFirstInstall">2025-08-28_084358+0000</string>
    <long name="afUninstallToken_received_time" value="1756370638546" />
    <string name="attributionId">{&quot;install_time&quot;:&quot;2025-08-28 08:44:06.861&quot;,&quot;af_message&quot;:&quot;organic install&quot;,&quot;af_status&quot;:&quot;Organic&quot;,&quot;is_first_launch&quot;:false}</string>
</map>
