<?xml version='1.0' encoding='utf-8' standalone='yes' ?>
<map>
    <string name="feature_usage_package_name">com.sonyliv</string>
    <long name="feature_usage_timestamp_detected_feature_33" value="1756370668139" />
    <long name="feature_usage_timestamp_detected_feature_5" value="1756371196475" />
    <long name="feature_usage_last_report_time" value="1756370640128" />
    <string name="feature_usage_sdk_version">21.3.0</string>
    <long name="feature_usage_timestamp_reported_feature_5" value="1756370640076" />
</map>
