<?xml version='1.0' encoding='utf-8' standalone='yes' ?>
<map>
    <long name="fire-count" value="1" />
    <string name="last-used-date">2025-08-28</string>
    <long name="fire-global" value="1756382121595" />
    <set name="device-name/scout_g_sys kotlin/2.0.21 device-brand/motorola android-min-sdk/26 fire-installations/18.0.0 fire-analytics/21.3.0 device-model/scout fire-android/35 fire-core/21.0.0 fire-core-ktx/21.0.0 fire-iid/20.1.6 android-installer/com.google.android.packageinstaller fire-cls-ndk/19.4.4 android-platform/ fire-sessions/2.1.2 fire-cls/19.4.4 fire-fcm/20.1.6 android-target-sdk/35 fire-transport/19.0.0">
        <string>2025-08-28</string>
    </set>
</map>
