<?xml version='1.0' encoding='utf-8' standalone='yes' ?>
<map>
    <set name="device-name/scout_g_sys kotlin/2.1.21 fire-installations/18.0.0 fire-rc/22.1.2 fire-dl/22.1.0 device-model/scout fire-app-check/18.0.0 fire-abt/21.1.1 fire-gcs/21.0.2 fire-core/21.0.0 fire-db-ktx/21.0.0 fire-core-ktx/21.0.0 android-installer/com.google.android.packageinstaller android-platform/ fire-sessions/2.1.2 fire-cls/19.4.4 fire-transport/19.0.0 android-target-sdk/34 device-brand/motorola fire-perf-ktx/21.0.5 android-min-sdk/23 fire-rtdb/21.0.0 fire-android/35 fire-fcm/24.1.2 fire-perf/21.0.5 fire-analytics/22.5.0">
        <string>2025-08-28</string>
    </set>
    <long name="fire-count" value="1" />
    <string name="last-used-date">2025-08-28</string>
    <long name="fire-global" value="1756370633765" />
</map>
