<?xml version='1.0' encoding='utf-8' standalone='yes' ?>
<map>
    <set name="kotlin/2.0.21 fire-installations/18.0.0 android-min-sdk/26 fire-analytics/21.3.0 device-brand/Redmi android-installer/ device-model/sweet fire-android/33 fire-core/21.0.0 device-name/sweet_global fire-core-ktx/21.0.0 fire-iid/20.1.6 fire-cls-ndk/19.4.4 android-platform/ fire-cls/19.4.4 fire-sessions/2.1.2 android-target-sdk/35 fire-fcm/20.1.6 fire-transport/19.0.0">
        <string>2025-08-31</string>
    </set>
    <long name="fire-count" value="1" />
    <string name="last-used-date">2025-08-31</string>
    <long name="fire-global" value="1756626658835" />
</map>
