<?xml version='1.0' encoding='utf-8' standalone='yes' ?>
<map>
    <int name="d_ts" value="1756370637" />
    <int name="dh" value="-1483303203" />
    <int name="hgt" value="5" />
    <string name="av">7.70.9</string>
    <int name="v" value="2" />
    <int name="wdt" value="2" />
    <string name="j_n">ZWhmfwcEAQBhbA==</string>
    <string name="i_n">ZWljeQUHBQNlYg==</string>
    <int name="r_ts" value="1756371203" />
    <string name="id">48K-8WW-754Z</string>
    <string name="k_n">DHhgfgIEAAJnY2ZzYmhrcwQIBARjeA8=</string>
    <string name="j_s">{}</string>
</map>
