<?xml version='1.0' encoding='utf-8' standalone='yes' ?>
<map>
    <int name="encryptionMigrationFailureCount:48K-8WW-754Z" value="0" />
    <string name="deviceId:48K-8WW-754Z">__f69b05cc976644fbbfee9e84f2014ffd</string>
    <string name="pfworkid">48K-8WW-754Z</string>
    <int name="cachedGUIDsLengthKey:48K-8WW-754Z" value="2" />
    <int name="lastSessionId:48K-8WW-754Z" value="1756371191" />
    <string name="fcm_token:48K-8WW-754Z">cust3CUeRVe1LQM9EgHDVZ:APA91bHM7MGJB1Q8vYwZs4QswPFhXXXd2vHgdjLOvYS7DrskM4dvqUxpZsVY7XeQr2F8JMbl-3eTCPdfpcqSkBJpBeIGX51vRhqxAQht9LHXT-CQMM906gw</string>
    <boolean name="NetworkInfo:48K-8WW-754Z" value="true" />
    <string name="comms_dmn:48K-8WW-754Z">eu1.clevertap-prod.com</string>
    <int name="comms_last_ts:48K-8WW-754Z" value="1756371201" />
    <int name="comms_first_ts:48K-8WW-754Z" value="1756370636" />
    <boolean name="OptOut:__f69b05cc976644fbbfee9e84f2014ffd:48K-8WW-754Z" value="false" />
    <int name="encryptionLevel:48K-8WW-754Z" value="0" />
    <int name="sexe:48K-8WW-754Z" value="1756371202" />
    <int name="comms_mtd:48K-8WW-754Z" value="0" />
    <int name="imc:__f69b05cc976644fbbfee9e84f2014ffd:48K-8WW-754Z" value="5" />
    <int name="istmcd_inapp:__f69b05cc976644fbbfee9e84f2014ffd:48K-8WW-754Z" value="10" />
    <int name="istc_inapp:__f69b05cc976644fbbfee9e84f2014ffd:48K-8WW-754Z" value="0" />
    <boolean name="ssInAppMigrated:48K-8WW-754Z" value="true" />
    <string name="instance:48K-8WW-754Z">{&quot;accountId&quot;:&quot;48K-8WW-754Z&quot;,&quot;accountToken&quot;:&quot;00b-3b4&quot;,&quot;fcmSenderId&quot;:&quot;732565920259&quot;,&quot;analyticsOnly&quot;:false,&quot;isDefaultInstance&quot;:true,&quot;useGoogleAdId&quot;:false,&quot;disableAppLaunchedEvent&quot;:false,&quot;personalization&quot;:true,&quot;debugLevel&quot;:0,&quot;createdPostAppLaunch&quot;:false,&quot;sslPinning&quot;:false,&quot;backgroundSync&quot;:true,&quot;getEnableCustomCleverTapId&quot;:false,&quot;beta&quot;:false,&quot;encryptionLevel&quot;:0,&quot;allowedPushTypes&quot;:[]}</string>
    <string name="comms_dmn_spiky:48K-8WW-754Z">eu1-spiky.clevertap-prod.com</string>
    <string name="SP_KEY_PROFILE_IDENTITIES:48K-8WW-754Z">Email,Identity</string>
    <string name="cachedGUIDsKey:48K-8WW-754Z">{&quot;Email_&quot;:&quot;__f69b05cc976644fbbfee9e84f2014ffd&quot;,&quot;Identity_2504160948529868504&quot;:&quot;__f69b05cc976644fbbfee9e84f2014ffd&quot;}</string>
    <string name="ict_date:__f69b05cc976644fbbfee9e84f2014ffd:48K-8WW-754Z">28082025</string>
    <long name="last_assets_cleanup" value="1756370636931" />
</map>
