{"Fid":"cust3CUeRVe1LQM9EgHDVZ","Status":3,"AuthToken":"eyJhbGciOiJFUzI1NiIsInR5cCI6IkpXVCJ9.eyJhcHBJZCI6IjE6NzMyNTY1OTIwMjU5OmFuZHJvaWQ6ZjZlNThhYjBlZDIwYzNjZCIsImV4cCI6MTc1Njk3NTQzNiwiZmlkIjoiY3VzdDNDVWVSVmUxTFFNOUVnSERWWiIsInByb2plY3ROdW1iZXIiOjczMjU2NTkyMDI1OX0.AB2LPV8wRgIhAPr_eavjYUkECaZPEah_cZliH-EB6pJZBJxtxKtqPJ4tAiEA122GDKb24a0VqCgmNImL2prC88hcZc-NkrnT3Hqpsaw","RefreshToken":"3_AS3qfwIuHKBCf-lUF-wqJgqliqZwPocMys1r8Qu9hs8ihs5ypTbkIaSbHXckHvYjPupFP58zLRJRi62uxW4jFRSWyGfjRKU0fPPP5FFaD5wj2BA","TokenCreationEpochInSecs":1756370635,"ExpiresInSecs":604800}