{"Fid":"eN9v0YC3QZ-e6rk1YLjnTB","Status":3,"RefreshToken":"3_AS3qfwIRxxbpGioRB_dB1Zu_0Jvmffv9NOHcYdnnAgpHGknfsROQk9GuJpRONWW9iwExU2HeuTQYOANyTUm4_aWK87pIL-JsXLQL5d6ef78KXA","AuthToken":"eyJhbGciOiJFUzI1NiIsInR5cCI6IkpXVCJ9.eyJhcHBJZCI6IjE6MzY3MjY5MDA4OTg2OmFuZHJvaWQ6NzliMWNhNTQ5NTQxMTEyNCIsImV4cCI6MTc1Njk4ODYzMSwiZmlkIjoiZU45djBZQzNRWi1lNnJrMVlMam5UQiIsInByb2plY3ROdW1iZXIiOjM2NzI2OTAwODk4Nn0.AB2LPV8wRgIhANPKvm22VYTzOtmUgNToiXxoMQ-qJ-mnlaA2Kut7zAg9AiEA37s-EB1O9j9awt8klwVpCHAgLhtr54_Hsr-_GColbaA","TokenCreationEpochInSecs":1756383830,"ExpiresInSecs":604800}