{"Fid":"eN4y4fn1Ti2w7NLZakOiX5","Status":3,"RefreshToken":"3_AS3qfwIyyyuTx-mFWqTACOY-wdPY90A7FUz0-JC6N3GFs9IXHibhHQtUdiK2TuyheFPwps3fE5hyvmQ_fSBAPVuL_c5uNmmIfxEGjQUyN959yQ","AuthToken":"eyJhbGciOiJFUzI1NiIsInR5cCI6IkpXVCJ9.eyJhcHBJZCI6IjE6MzY3MjY5MDA4OTg2OmFuZHJvaWQ6NzliMWNhNTQ5NTQxMTEyNCIsImV4cCI6MTc1Njk4NjkyNCwiZmlkIjoiZU40eTRmbjFUaTJ3N05MWmFrT2lYNSIsInByb2plY3ROdW1iZXIiOjM2NzI2OTAwODk4Nn0.AB2LPV8wRQIhANzlRj3a0vxZtH4ZcnxCwFdoZ2-AivDMKxFYkxm6AmojAiBuXOugrMYBS6rMNtl6k6nKIqLB6k61JRbp08aFJ4Oe3g","TokenCreationEpochInSecs":1756382123,"ExpiresInSecs":604800}