{"Fid":"d3kzFhfDRrWYOtntkXceCi","Status":3,"RefreshToken":"3_AS3qfwKJlj4xIXpwQZyfDGzVZiqXGBPM3zTAsnqPSAJbLowr_IRHrVf1rDlO8Y_VKacQkr6gYaU5Rcdhq-OuTqN8JjCMJFmljuV_rTVTfedezQ","AuthToken":"eyJhbGciOiJFUzI1NiIsInR5cCI6IkpXVCJ9.eyJhcHBJZCI6IjE6MzY3MjY5MDA4OTg2OmFuZHJvaWQ6NzliMWNhNTQ5NTQxMTEyNCIsImV4cCI6MTc1NzIzMTQ2MSwiZmlkIjoiZDNrekZoZkRScldZT3RudGtYY2VDaSIsInByb2plY3ROdW1iZXIiOjM2NzI2OTAwODk4Nn0.AB2LPV8wRAIgAbr22yND9U6O6CzNmTYBgCrbzIlin-9MDFGUMOYZNLkCIFnFh8V6uyxm3WQMHnMIc_ztupOmJiF1994tklA07RnO","TokenCreationEpochInSecs":1756626660,"ExpiresInSecs":604800}